{
  "r": [
    0.04462756226651799,
    0.06115336113762984,
    0.07804343015818443,
    0.10460967808381551,
    0.13806962207504928,
    0.18462464104163792,
    0.2362948803576958,
    0.316494094276023,
    0.4285674431465109,
    0.5610802977236934,
    0.7410406886335618,
    0.9619746741074222,
    1.2969031193779321,
    1.7053050488699697,
    2.282061584728743,
    3.0327965660046328,
    4.004668105176831,
    5.282482339799517
  ],
  "V": [
    0.0009427083492380222,
    0.001685652899781962,
    0.0029003630251075,
    0.005026354142851103,
    0.008739494147883626,
    0.01513893957111772,
    0.024620035818263688,
    0.0408941259607634,
    0.07388334888509654,
    0.10785216610451226,
    0.1664214930955947,
    0.2271823090003893,
    0.3091914564694428,
    0.4419167430473121,
    0.5004993419785736,
    0.7204355276354256,
    0.6500434073895277,
    1.5
  ],
  "sigmas": [
    0.01,
    0.013252712577826082,
    0.017563439067046972,
    0.02327632098337354,
    0.03084743918618718,
    0.040881224529650796,
    0.05417871185210353,
    0.07180148960127875,
    0.09515645043455159,
    0.1261081087535266,
    0.16712745190437223,
    0.22148920839530972,
    0.29353328179532634,
    0.3890112215659491,
    0.5155453908962542,
    0.6832374886371055,
    0.9054750059303274,
    1.2
  ],
  "r_star_theory": 1.2670176150274255,
  "quad_c": 0.4369649616538761,
  "quad_r2": 0.9625154189042531,
  "r_boundary_V0.1": 0.4285674431465109,
  "boundary_over_rstar": 0.338249001484667,
  "r_star_descriptive_fit": 2.5302185169234197,
  "descriptive_rmse": 0.1441893702367034,
  "V_max": 1.5,
  "monotone": true,
  "r_fallback_V1": 5.282482339799517,
  "H2a_pass": true,
  "H2b_pass": true
}