{
  "beta_eff_low_bits": 0.46187928630683395,
  "beta_theory": 0.4804530139182014,
  "beta_ratio": 0.9613412194880524,
  "saturation_ratio_16bit": 7.69781057631993,
  "fpr_match_within_pct_low": 16.69279215684235
}